packet_id,record_uid,slug,cve,tool,advisory_class,in_patched_file,same_callable_as_change,on_exact_changed_line,A_class_relation,A_root_cause_relation,A_evidence_quality,A_confidence,A_reason_code,B_class_relation,B_root_cause_relation,B_evidence_quality,B_confidence,B_reason_code
00bb5875e023d29accdb5ac2fb1c10206bd2f37d26668a7447d358a93d752ab1,c8ccb6e1-0747-569a-b0db-29acf7893b43,the-post-grid,CVE-2026-49054,semgrep,auth,True,False,False,MISMATCH,RELATED_AREA_DIFFERENT_DEFECT,SUFFICIENT,MEDIUM,LOCATION_ONLY,MISMATCH,RELATED_AREA_DIFFERENT_DEFECT,SUFFICIENT,HIGH,LOCATION_ONLY
023a778f3be4a099dbb41f36054c0bb176e962ce63257a83b039680a480e742b,c63c1edb-d197-577d-9c65-4fec603936e9,themesflat-addons-for-elementor,CVE-2026-39500,semgrep,xss,False,False,False,MATCH,RELATED_AREA_DIFFERENT_DEFECT,SUFFICIENT,MEDIUM,LOCATION_ONLY,MATCH,UNRELATED,SUFFICIENT,HIGH,OTHER
02e6257e292c27e26bcca5562664e5d1d0813aac39f2d9ba5e207dcda5e3fcdf,d284fb63-a2cb-52d0-9f60-87bcefb65fb4,seriously-simple-podcasting,CVE-2026-39505,semgrep,auth,True,True,True,MISMATCH,SAME_DEFECT,SUFFICIENT,HIGH,WRONG_CLASS,MISMATCH,SAME_DEFECT,SUFFICIENT,MEDIUM,SAME_SENSITIVE_OPERATION
04f4781911c4b07f8bfd7b7c771f1110bbc8035b4303a4503f963d855f89cf6a,40b92e73-2ee9-579a-8b8f-97bc3e86672c,cp-contact-form-with-paypal,CVE-2026-32433,wpt,sqli,True,True,False,MATCH,SAME_DEFECT,SUFFICIENT,HIGH,SAME_SOURCE_SINK,MATCH,SAME_DEFECT,SUFFICIENT,MEDIUM,SAME_MISSING_GUARD
055aaec7a1633d06c348fbc4445544b787ffa16322bb8c70a8f6c10e24889e90,a0283747-8722-5ddf-a34a-ce854d47bcd5,backwpup,-,wisp,rce,True,False,False,MATCH,RELATED_AREA_DIFFERENT_DEFECT,SUFFICIENT,MEDIUM,LOCATION_ONLY,MISMATCH,RELATED_AREA_DIFFERENT_DEFECT,SUFFICIENT,MEDIUM,LOCATION_ONLY
058609de26a29ae475d7cc630040c453375bb3879385b0757a2373d0e69fb11b,363cc25a-1522-5650-8ab7-fc07e3d4ddf1,e2pdf,CVE-2026-42681,wisp,xss,True,False,False,MISMATCH,RELATED_AREA_DIFFERENT_DEFECT,SUFFICIENT,MEDIUM,PATCH_TOO_BROAD,MISMATCH,RELATED_AREA_DIFFERENT_DEFECT,SUFFICIENT,MEDIUM,LOCATION_ONLY
0652f21c28054099b6dc6d8db78ba39a2961f8869cc1e25c532d216bde550679,76e861df-31ab-5502-9c65-0b7e456e04d9,quickwebp,CVE-2026-42756,progpilot,lfi,False,False,False,MISMATCH,UNRELATED,SUFFICIENT,HIGH,OTHER,MISMATCH,UNRELATED,SUFFICIENT,HIGH,OTHER
082fa817060ad838ba81080d21857ff8d0bbf7ccc210df4ed4cfe361d162003d,5b5e036f-b019-54e8-93a2-fefde0fd627a,motors-car-dealership-classified-listings,CVE-2026-54814,wisp,lfi,False,False,False,MISMATCH,UNRELATED,SUFFICIENT,HIGH,OTHER,MISMATCH,UNRELATED,SUFFICIENT,HIGH,OTHER
083075544e642b7b99df819813d4334a6851b52f5b72740f6705409c975003d2,877925a7-b36b-5a9b-83c0-49d0819fc4a6,user-registration,CVE-2026-25425,wisp,other,False,False,False,MISMATCH,RELATED_AREA_DIFFERENT_DEFECT,PARTIAL,LOW,LOCATION_ONLY,MATCH,UNRELATED,SUFFICIENT,HIGH,OTHER
0af412b6ac9c402dce77d15e5a08baa9381d4fe481f0e8ac79ee87c888a3e459,df6e8b4b-b8e6-5a35-b257-92b5681715b4,yml-for-yandex-market,CVE-2026-32567,wisp,lfi,True,False,False,MISMATCH,RELATED_AREA_DIFFERENT_DEFECT,PARTIAL,LOW,LOCATION_ONLY,MISMATCH,UNRELATED,PARTIAL,MEDIUM,WRONG_CLASS
0f8a72fc489e5a3f8bcf1fcec73553d657d6e4a89974d306ea3f6aedd514b27d,730fc817-dc2d-5b58-9ec3-7996c8354cb2,wp-security-audit-log,CVE-2026-45435,wpt,xss,False,False,False,MISMATCH,UNRELATED,PARTIAL,MEDIUM,OTHER,MISMATCH,UNRELATED,SUFFICIENT,HIGH,OTHER
117107b5f9b2e7aa538e2096bf7959b979a5024b314bee49469972955403f43d,c6d2440d-2543-5850-9f23-a9b7188e8131,court-reservation,CVE-2026-39675,wpt,auth,True,False,False,MISMATCH,RELATED_AREA_DIFFERENT_DEFECT,PARTIAL,MEDIUM,LOCATION_ONLY,MISMATCH,RELATED_AREA_DIFFERENT_DEFECT,SUFFICIENT,HIGH,LOCATION_ONLY
119ae5181a989b6926037d89d451b86eeb704482004b5f5ef4cb7da5b64b17f1,5b5e036f-b019-54e8-93a2-fefde0fd627a,motors-car-dealership-classified-listings,CVE-2026-54814,semgrep,lfi,False,False,False,MISMATCH,UNRELATED,SUFFICIENT,MEDIUM,OTHER,MISMATCH,UNRELATED,SUFFICIENT,HIGH,OTHER
11aa7fbe708648277838989f9022b18841ac3c0f383ab5ed263c26833bef93dd,a45eb7c4-8df0-5761-a585-d9a1a4aad83b,breadcrumb-navxt,-,wisp,other,True,False,False,MISMATCH,UNRELATED,SUFFICIENT,MEDIUM,PATCH_TOO_BROAD,MISMATCH,UNRELATED,SUFFICIENT,HIGH,OTHER
12c6dd432705d7add9f2652d49e7cf017e4c45b75111b13b7114fa77c7cb1547,9c9e31e9-266d-5b2f-ac57-e8c9fda5e008,easy-table-of-contents,CVE-2026-32343,wisp,csrf,False,False,False,MISMATCH,UNRELATED,SUFFICIENT,MEDIUM,OTHER,MISMATCH,UNRELATED,SUFFICIENT,HIGH,OTHER
132417155e51ae173f9d7fbf572d354f498e441f7ac386541b0dd47f1cfbda6f,e4e809e9-346f-52f8-8973-aedf0f2d0033,products-file-upload-for-woocommerce,CVE-2026-25328,progpilot,lfi,True,True,True,MATCH,RELATED_AREA_DIFFERENT_DEFECT,SUFFICIENT,HIGH,LOCATION_ONLY,MATCH,RELATED_AREA_DIFFERENT_DEFECT,SUFFICIENT,HIGH,LOCATION_ONLY
142c210ac575bb5bda87219487dcfe2690e5192471fec20a6906187424e1d5ed,e27dc6f2-69f7-52bf-bc84-e66905822030,userfeedback-lite,CVE-2026-39475,semgrep,sqli,False,False,False,MISMATCH,UNRELATED,SUFFICIENT,HIGH,OTHER,MISMATCH,UNRELATED,SUFFICIENT,HIGH,OTHER
1441ca9314342a6f1bcec5dff6be502f9c144306cdf5911143a578f208fab4cc,b787eeeb-902a-57e6-bf0c-75ac820385ce,review-schema,CVE-2026-25344,wisp,other,True,True,True,MISMATCH,RELATED_AREA_DIFFERENT_DEFECT,SUFFICIENT,HIGH,LOCATION_ONLY,MISMATCH,RELATED_AREA_DIFFERENT_DEFECT,SUFFICIENT,HIGH,LOCATION_ONLY
16d56bb24240a1f0d14d8c2b2eed27b58f3e11e49d8e554c20bc6bf066492602,60deea4e-cf45-5f12-ae05-27ad1cd6dcbe,w3-total-cache,CVE-2025-9501,semgrep,rce,False,False,False,MISMATCH,UNRELATED,SUFFICIENT,MEDIUM,OTHER,MISMATCH,UNRELATED,SUFFICIENT,HIGH,OTHER
16f9f81a117a0354b5ccce3523cc4467c7f3a88e87a267454681494b45311fca,2f52a16c-4ae7-5fcd-996e-5142e042b6ee,automatorwp,CVE-2026-42775,semgrep,other,False,False,False,MISMATCH,RELATED_AREA_DIFFERENT_DEFECT,SUFFICIENT,MEDIUM,LOCATION_ONLY,MISMATCH,UNRELATED,SUFFICIENT,HIGH,OTHER
1c2bbfa2b17cffb409c0cb67cbdc058519cb82f3230bcc0ca2380ab703e6717e,c8e69fe1-0d3d-5f9b-a0bd-e059693bf9ab,essential-addons-for-elementor-lite,CVE-2024-3018,wisp,deserial,True,False,False,MISMATCH,RELATED_AREA_DIFFERENT_DEFECT,SUFFICIENT,HIGH,LOCATION_ONLY,MISMATCH,RELATED_AREA_DIFFERENT_DEFECT,SUFFICIENT,MEDIUM,LOCATION_ONLY
1deca2ba35bc4aef8510f20efbc8d87256162246bcdef725fffe45a6de170cf6,730fc817-dc2d-5b58-9ec3-7996c8354cb2,wp-security-audit-log,CVE-2026-45435,semgrep,xss,False,False,False,MATCH,RELATED_AREA_DIFFERENT_DEFECT,SUFFICIENT,MEDIUM,LOCATION_ONLY,MATCH,RELATED_AREA_DIFFERENT_DEFECT,SUFFICIENT,MEDIUM,OTHER
1ff321b58c2e2d3d73837d62913560e5a470ed21f76807ebcc6405e9173783f1,69b4a420-d46f-51bd-9eb1-9911608fd630,cf7-styler,CVE-2026-27393,wisp,auth,False,False,False,MISMATCH,UNRELATED,SUFFICIENT,HIGH,OTHER,MISMATCH,UNRELATED,SUFFICIENT,HIGH,OTHER
20361c1dbe93c6d1df985f498c9d2594cf48a0527b9d716049efeebe534384b5,61589af2-2a1f-5fb0-a96a-badb624868e4,instantio,CVE-2026-39571,wisp,other,False,False,False,MATCH,UNRELATED,SUFFICIENT,HIGH,OTHER,MISMATCH,UNRELATED,SUFFICIENT,HIGH,OTHER
2109d2c48b5b08e0002d30f40a01e9e33095cdaebbc905a9012e807bd160a68f,c204c063-cba5-5740-9158-9f5b91c68f6d,latepoint,CVE-2026-49083,wisp,other,False,False,False,MATCH,UNRELATED,SUFFICIENT,HIGH,OTHER,UNCERTAIN,UNRELATED,SUFFICIENT,HIGH,OTHER
21d71ebfd6d9cffe97be10041000ebcb82fca3e94ed784ef7c0f8a562a9380f1,6fe601ed-b63a-5586-b1f8-63ba25a78b4b,faustwp,CVE-2026-49062,wpt,auth,True,False,False,MATCH,RELATED_AREA_DIFFERENT_DEFECT,PARTIAL,MEDIUM,PATCH_TOO_BROAD,MATCH,RELATED_AREA_DIFFERENT_DEFECT,PARTIAL,MEDIUM,LOCATION_ONLY
21dd4851304912cb5b05939bf8f48495c1aa58b07c58af889f4795519c90ef76,13fa76d9-fe7d-5db3-ad30-b97a0388badc,ecab-taxi-booking-manager,CVE-2026-28040,wisp,xss,True,False,False,MISMATCH,UNRELATED,SUFFICIENT,MEDIUM,OTHER,MISMATCH,UNRELATED,SUFFICIENT,HIGH,OTHER
21f99eb2840640ac6bf5b0805ed0afed15f28c3c58de134019788cc967388a51,9d2723eb-ccdf-56db-8cfd-9f0fe6659b50,generateblocks,CVE-2026-48877,semgrep,other,False,False,False,MISMATCH,UNRELATED,INSUFFICIENT,LOW,OTHER,UNCERTAIN,UNRELATED,PARTIAL,MEDIUM,OTHER
2495bbcade259cca3a96c2d4b75dae729a66980dd0a80299f08b43982d535101,7361b8f7-1de1-57d3-ab73-aab51e9ebf14,geo-mashup,CVE-2026-27427,wpt,xss,False,False,False,MATCH,RELATED_AREA_DIFFERENT_DEFECT,PARTIAL,MEDIUM,LOCATION_ONLY,MATCH,UNRELATED,SUFFICIENT,HIGH,OTHER
26269d4ea084966fe0c9221b23a28f2929f847261bc756270d79e65dd9adb58f,df6e8b4b-b8e6-5a35-b257-92b5681715b4,yml-for-yandex-market,CVE-2026-32567,wisp,lfi,True,False,False,MISMATCH,RELATED_AREA_DIFFERENT_DEFECT,PARTIAL,LOW,LOCATION_ONLY,MISMATCH,UNRELATED,PARTIAL,MEDIUM,OTHER
26f150effe3a9d0bc32bdeb445fd2d175f2a5d84d58d22f8b070b5696b53ec2d,5669466d-2a47-5795-964c-03dc264a2801,post-smtp,CVE-2026-48838,wisp,other,False,False,False,MISMATCH,RELATED_AREA_DIFFERENT_DEFECT,PARTIAL,MEDIUM,LOCATION_ONLY,MISMATCH,RELATED_AREA_DIFFERENT_DEFECT,SUFFICIENT,MEDIUM,OTHER
28443145f6713a26bb1d3782e90de894ad6b862956433bf37111f13d400eaef3,7721e9ed-f668-5a64-8a0b-27aba5a61660,ultimate-addons-for-gutenberg,CVE-2026-42648,wpt,auth,False,False,False,MISMATCH,RELATED_AREA_DIFFERENT_DEFECT,SUFFICIENT,HIGH,LOCATION_ONLY,MISMATCH,UNRELATED,SUFFICIENT,HIGH,OTHER
2948af80b31ce8551c0adfb0d36a01a02486b9b6197142b9e7e6436f11776c4b,433edce6-47c4-5099-a1f1-3195bd77f082,wp-full-stripe-free,CVE-2026-42378,semgrep,other,True,False,False,MISMATCH,SAME_DEFECT,SUFFICIENT,MEDIUM,WRONG_CLASS,MISMATCH,RELATED_AREA_DIFFERENT_DEFECT,SUFFICIENT,MEDIUM,LOCATION_ONLY
2af05bab0d0524e561a5a800d45a8a906765bac81d0376597faaef562fc59c74,fd3bfa4c-4a48-5ce9-b5e2-d2f27ede7b83,official-mailerlite-sign-up-forms,CVE-2026-25420,wpt,auth,False,False,False,MISMATCH,RELATED_AREA_DIFFERENT_DEFECT,SUFFICIENT,MEDIUM,LOCATION_ONLY,MISMATCH,RELATED_AREA_DIFFERENT_DEFECT,SUFFICIENT,MEDIUM,OTHER
2e8716a872899c09ffc2f3f30e6a155e45bd648c48a3476d568197bcbfe42504,ac8264cd-2957-57b3-aa4e-aa0453d02541,wpforms-lite,CVE-2026-40764,semgrep,csrf,False,False,False,MISMATCH,UNRELATED,SUFFICIENT,HIGH,OTHER,MISMATCH,UNRELATED,SUFFICIENT,HIGH,OTHER
2ee57fa473a029498e8c46a5d03543660e050323b5707de24eec6319f746091e,433edce6-47c4-5099-a1f1-3195bd77f082,wp-full-stripe-free,CVE-2026-42378,semgrep,other,True,False,False,MISMATCH,SAME_DEFECT,SUFFICIENT,MEDIUM,WRONG_CLASS,MISMATCH,RELATED_AREA_DIFFERENT_DEFECT,SUFFICIENT,MEDIUM,LOCATION_ONLY
2f86d4e7439fc67946f5abaf130249859d4eba106fdaf6dbe6edb57504f54328,7721e9ed-f668-5a64-8a0b-27aba5a61660,ultimate-addons-for-gutenberg,CVE-2026-42648,wpt,auth,False,False,False,MISMATCH,RELATED_AREA_DIFFERENT_DEFECT,SUFFICIENT,HIGH,LOCATION_ONLY,MISMATCH,UNRELATED,SUFFICIENT,HIGH,OTHER
30664f299ad5a999e336b5175ba11abef4f26b5995200128aabb3f38886f0faa,76e861df-31ab-5502-9c65-0b7e456e04d9,quickwebp,CVE-2026-42756,wisp,lfi,True,False,False,MATCH,RELATED_AREA_DIFFERENT_DEFECT,SUFFICIENT,MEDIUM,LOCATION_ONLY,MATCH,RELATED_AREA_DIFFERENT_DEFECT,SUFFICIENT,HIGH,LOCATION_ONLY
311ee193f94ea966b6331d987185d4720f9f3c06bc6582277df6eeb3b723ade8,aee8f3c2-26e7-581f-8019-27bd44bb2eb1,new-user-approve,CVE-2025-69063,wpt,auth,False,False,False,MATCH,RELATED_AREA_DIFFERENT_DEFECT,SUFFICIENT,MEDIUM,DIFFERENT_CALL_PATH,MATCH,UNRELATED,SUFFICIENT,HIGH,OTHER
32560bb568166430cf26ad42acb84eb078f1daba0729a6232e17f3a0e909864e,af7b8c2b-06a7-559f-a6b6-fd616382a312,bdthemes-element-pack-lite,CVE-2026-40745,semgrep,sqli,True,False,False,MISMATCH,UNRELATED,SUFFICIENT,HIGH,OTHER,MISMATCH,UNRELATED,SUFFICIENT,HIGH,OTHER
32ef3098e835c34b75be004ac4e8798b3b308c32d77d3479ece13ada575d08c5,0af1c547-0c69-51eb-ac4f-da03323af3e7,cleantalk-spam-protect,CVE-2022-3302,wisp,sqli,False,False,False,MISMATCH,RELATED_AREA_DIFFERENT_DEFECT,SUFFICIENT,HIGH,LOCATION_ONLY,MISMATCH,UNRELATED,SUFFICIENT,HIGH,OTHER
33e8432594b2702f153b393d6a4efbd37b4f743d7e4ad78158bae9dec1c4075d,a0283747-8722-5ddf-a34a-ce854d47bcd5,backwpup,-,wpt,rce,False,False,False,MISMATCH,UNRELATED,SUFFICIENT,HIGH,OTHER,UNCERTAIN,UNRELATED,PARTIAL,MEDIUM,OTHER
343b7fb94480ce754980a976cc661fec7fb779cc8946a9684df78993d6764235,be4672f1-b5a7-5ce7-9109-d3377ba320ce,rsvp,CVE-2026-39536,wpt,other,True,False,False,MISMATCH,RELATED_AREA_DIFFERENT_DEFECT,SUFFICIENT,MEDIUM,LOCATION_ONLY,MISMATCH,RELATED_AREA_DIFFERENT_DEFECT,SUFFICIENT,HIGH,LOCATION_ONLY
35e47f32f869a8f2b4599f31ad24a89d83d4aa9bab9b86c5e7f4a1e5589e7bda,fd3bfa4c-4a48-5ce9-b5e2-d2f27ede7b83,official-mailerlite-sign-up-forms,CVE-2026-25420,semgrep,auth,False,False,False,MATCH,SAME_DEFECT,SUFFICIENT,MEDIUM,SAME_SOURCE_SINK,MISMATCH,UNRELATED,SUFFICIENT,HIGH,OTHER
383284868b0b5625e92d678c635e836ee850f76ff6b59f133f9f74438914d51d,46f3f81a-06b5-5e7a-952e-af678a2eea1e,geo-mashup,CVE-2026-48967,semgrep,other,True,False,False,MISMATCH,UNRELATED,SUFFICIENT,MEDIUM,OTHER,MISMATCH,UNRELATED,SUFFICIENT,MEDIUM,OTHER
383fba21dbc1963e7012c9310cda8d6480bf9fce5a1f75341f9e12952515efa0,64cd86ea-16f0-5185-8dea-3886575e33c5,wp-google-map-plugin,CVE-2026-39492,wpt,other,False,False,False,MISMATCH,RELATED_AREA_DIFFERENT_DEFECT,SUFFICIENT,MEDIUM,LOCATION_ONLY,MISMATCH,UNRELATED,SUFFICIENT,HIGH,OTHER
38ed66b3e427acd956da408d54a74e2818ec49cc05ac09f6e5029d6aec206d27,bd26476a-dc36-516a-af10-de8701b9a16e,icon-list-block,CVE-2026-32359,wisp,xss,True,False,False,MATCH,RELATED_AREA_DIFFERENT_DEFECT,PARTIAL,MEDIUM,LOCATION_ONLY,MATCH,RELATED_AREA_DIFFERENT_DEFECT,PARTIAL,LOW,OTHER
38f7b2e0dad1ac1bb1edd38cf14faa3c45bc65adcd0ff4e2383a2f3993207468,8205faca-4c0e-5aa7-9dc5-5c9f451db430,generateblocks,CVE-2021-24751,wisp,xss,False,False,False,MISMATCH,UNRELATED,SUFFICIENT,HIGH,OTHER,MISMATCH,UNRELATED,SUFFICIENT,HIGH,OTHER
3c6d1bfdfdb3b640c251e65454ce4ed9240f685a8c113fb333a5ecf45b70d995,bceeb7c5-da46-50e6-8449-da23b09a57e8,wpcomplete,CVE-2026-42750,wpt,xss,True,False,False,MATCH,RELATED_AREA_DIFFERENT_DEFECT,SUFFICIENT,MEDIUM,LOCATION_ONLY,MISMATCH,RELATED_AREA_DIFFERENT_DEFECT,SUFFICIENT,HIGH,LOCATION_ONLY
3d2dd040166b33a005f858b1a13dd46739016986b54872b5f5970e6b953a8319,e6a22a4c-a335-558a-8adb-2edc48decfe0,squirrly-seo,CVE-2026-52714,wpt,other,False,False,False,UNCERTAIN,INSUFFICIENT_EVIDENCE,INSUFFICIENT,LOW,TOOL_REPORT_INCOMPLETE,UNCERTAIN,INSUFFICIENT_EVIDENCE,INSUFFICIENT,LOW,OTHER
3e2a4d318b9c0453be8c4306797c9890d8d67181090ca68966f83e37419c144a,c204c063-cba5-5740-9158-9f5b91c68f6d,latepoint,CVE-2026-49083,semgrep,other,False,False,False,MISMATCH,UNRELATED,PARTIAL,MEDIUM,OTHER,UNCERTAIN,UNRELATED,PARTIAL,HIGH,OTHER
3ee75aaa7bb026dda241dd4a56ddc3a7cba6cb6afd15acdbf253f6243c00c16e,b995fc33-32fd-5462-a8c1-82de27eb54fc,b2bking-wholesale-for-woocommerce,CVE-2026-27346,wisp,auth,False,False,False,MATCH,UNRELATED,PARTIAL,MEDIUM,OTHER,MATCH,UNRELATED,PARTIAL,MEDIUM,OTHER
419781f958c9ed8208b4f629fe8d8b800f0aa9ff7310f1d7f175b404235a45ea,af7b8c2b-06a7-559f-a6b6-fd616382a312,bdthemes-element-pack-lite,CVE-2026-40745,wpt,sqli,False,False,False,MISMATCH,UNRELATED,SUFFICIENT,HIGH,OTHER,MISMATCH,UNRELATED,SUFFICIENT,HIGH,OTHER
4564fc1782d26c5bf031626c678403c3c9908fca0674c2c203534ad1efa774a2,c8ccb6e1-0747-569a-b0db-29acf7893b43,the-post-grid,CVE-2026-49054,wpt,auth,True,False,False,MISMATCH,UNRELATED,SUFFICIENT,MEDIUM,OTHER,MISMATCH,UNRELATED,SUFFICIENT,HIGH,OTHER
46732d2e84c3a4ca197e74ab819e894f227c034059f060667b1e5e92ad55cfe1,c8e69fe1-0d3d-5f9b-a0bd-e059693bf9ab,essential-addons-for-elementor-lite,CVE-2024-3018,wisp,deserial,True,False,False,MISMATCH,RELATED_AREA_DIFFERENT_DEFECT,SUFFICIENT,HIGH,LOCATION_ONLY,MISMATCH,RELATED_AREA_DIFFERENT_DEFECT,SUFFICIENT,MEDIUM,LOCATION_ONLY
49ae6b52da2ad9139ad6efc11d0b563f542f76f8a0b8899c0807e01fb31f028a,69b4a420-d46f-51bd-9eb1-9911608fd630,cf7-styler,CVE-2026-27393,semgrep,auth,True,False,False,MISMATCH,RELATED_AREA_DIFFERENT_DEFECT,SUFFICIENT,MEDIUM,LOCATION_ONLY,MISMATCH,RELATED_AREA_DIFFERENT_DEFECT,SUFFICIENT,HIGH,LOCATION_ONLY
4b03f04d6e88490dd2248935c42652a52ce97b0aea3e7eb222669e20e229cc20,fd3bfa4c-4a48-5ce9-b5e2-d2f27ede7b83,official-mailerlite-sign-up-forms,CVE-2026-25420,wisp,auth,True,False,False,MISMATCH,RELATED_AREA_DIFFERENT_DEFECT,SUFFICIENT,MEDIUM,LOCATION_ONLY,MISMATCH,RELATED_AREA_DIFFERENT_DEFECT,SUFFICIENT,HIGH,LOCATION_ONLY
4b3df04f1bf09ec8c90676a8618b6bc83681b2cec934211007f41ab823f313dd,40b92e73-2ee9-579a-8b8f-97bc3e86672c,cp-contact-form-with-paypal,CVE-2026-32433,semgrep,sqli,False,False,False,MATCH,RELATED_AREA_DIFFERENT_DEFECT,SUFFICIENT,HIGH,LOCATION_ONLY,MATCH,UNRELATED,SUFFICIENT,MEDIUM,OTHER
4cb6592b4fa1d6e1e3b3207d5306125055613bf398bf439d9759c12da64f181d,48c9ffd1-141b-5cfc-b63c-0894f669fbcc,visitor-maps-extended-referer-field,CVE-2025-69389,wpt,xss,True,False,False,MISMATCH,RELATED_AREA_DIFFERENT_DEFECT,PARTIAL,MEDIUM,LOCATION_ONLY,MISMATCH,INSUFFICIENT_EVIDENCE,INSUFFICIENT,LOW,OTHER
4e02c5f64e4ffa6611ff507d33739a65dce68bae59406f763c337955d94782be,bc3584ca-3b58-597b-b060-9fb3bbbeb576,groundhogg,CVE-2026-40727,wisp,other,False,False,False,MISMATCH,RELATED_AREA_DIFFERENT_DEFECT,SUFFICIENT,MEDIUM,LOCATION_ONLY,MISMATCH,UNRELATED,SUFFICIENT,MEDIUM,OTHER
4fb5723e826716bf1d7ee327189d1956e4860b89ee0310ab54b209d60b3538fe,d284fb63-a2cb-52d0-9f60-87bcefb65fb4,seriously-simple-podcasting,CVE-2026-39505,progpilot,auth,False,False,False,MISMATCH,UNRELATED,PARTIAL,MEDIUM,OTHER,MISMATCH,UNRELATED,SUFFICIENT,HIGH,OTHER
50e086f47e2146347dfe6ffdb566648119d0d242473e8804c16c3eeccd8551ef,393a63c2-e21b-56cc-84c0-91d3171910a8,fluent-cart,CVE-2025-67971,wisp,xss,True,False,False,UNCERTAIN,RELATED_AREA_DIFFERENT_DEFECT,PARTIAL,LOW,PATCH_TOO_BROAD,MISMATCH,UNRELATED,PARTIAL,MEDIUM,OTHER
5377276a28bf5e1a7bb2f845905a5991f819425ccd264a422c83b1269174dbd6,bf2991e6-d134-5ec2-ab55-ed8a89cc582f,advanced-iframe,CVE-2026-25453,semgrep,xss,True,True,False,MATCH,RELATED_AREA_DIFFERENT_DEFECT,PARTIAL,LOW,LOCATION_ONLY,MATCH,UNRELATED,SUFFICIENT,MEDIUM,OTHER
53ba17c05617bd318bba9ebe9dd2a2c4dde799161a2ef62cf690aeb05305aaaf,0dfa37a9-7af8-51d1-ae6e-77ee458ff9bf,advanced-coupons-for-woocommerce-free,CVE-2026-39508,wpt,xss,False,False,False,MATCH,RELATED_AREA_DIFFERENT_DEFECT,PARTIAL,LOW,LOCATION_ONLY,MATCH,UNRELATED,SUFFICIENT,HIGH,OTHER
59d1b32bfc98a6b7f0a9b8dc1bd8af4fd4244986cfafbd8e0488a193f53e6ea2,69b4a420-d46f-51bd-9eb1-9911608fd630,cf7-styler,CVE-2026-27393,semgrep,auth,True,False,False,MISMATCH,RELATED_AREA_DIFFERENT_DEFECT,SUFFICIENT,MEDIUM,LOCATION_ONLY,MISMATCH,RELATED_AREA_DIFFERENT_DEFECT,SUFFICIENT,HIGH,LOCATION_ONLY
5be6b26061909b911e1a6bbe4c80789d2e8dfed48edbbcaa4a245848a6525215,35c71a18-94f9-568c-87c8-aaac138ef156,image-optimization,CVE-2026-25387,wpt,auth,True,False,False,MATCH,SAME_DEFECT,PARTIAL,MEDIUM,SAME_SENSITIVE_OPERATION,MATCH,SAME_DEFECT,PARTIAL,MEDIUM,SAME_SENSITIVE_OPERATION
5c6f48479089ce383ababec8d00e3eba3fb3ed2741ad8538f4bdd4eb126d5906,0af1c547-0c69-51eb-ac4f-da03323af3e7,cleantalk-spam-protect,CVE-2022-3302,wpt,sqli,True,False,False,MISMATCH,RELATED_AREA_DIFFERENT_DEFECT,SUFFICIENT,HIGH,LOCATION_ONLY,MISMATCH,UNRELATED,SUFFICIENT,HIGH,OTHER
5cc640a1e1c7a41d2f89c7575e0c84cd462df88584165efd5e178cd868762f5c,3d65894a-d87a-5dd2-8ffc-4615908672d5,checkout-upsell-and-order-bumps,CVE-2026-25419,wisp,auth,False,False,False,MISMATCH,UNRELATED,SUFFICIENT,MEDIUM,OTHER,MATCH,UNRELATED,SUFFICIENT,HIGH,OTHER
5ce175b542f50dfb1b5a83b5cf148436128f0703b71e2493453f79b66ec675ce,9d2723eb-ccdf-56db-8cfd-9f0fe6659b50,generateblocks,CVE-2026-48877,wpt,other,False,False,False,MISMATCH,UNRELATED,SUFFICIENT,MEDIUM,OTHER,MISMATCH,UNRELATED,SUFFICIENT,HIGH,OTHER
5d3f77e66b3fba97549f9b5869b92e0b1e99484f771c40f8ca4985546508fd40,40b92e73-2ee9-579a-8b8f-97bc3e86672c,cp-contact-form-with-paypal,CVE-2026-32433,wisp,sqli,False,False,False,MISMATCH,UNRELATED,SUFFICIENT,HIGH,OTHER,MISMATCH,UNRELATED,SUFFICIENT,HIGH,OTHER
63df46423e072d4c2bf36c6837339544bd78056c758d889ac7eb3d846d0d1884,06e48f4c-a389-52a4-be5d-46586b1421aa,filr-protection,CVE-2026-28133,wpt,upload,False,False,False,MISMATCH,RELATED_AREA_DIFFERENT_DEFECT,PARTIAL,LOW,LOCATION_ONLY,MISMATCH,INSUFFICIENT_EVIDENCE,INSUFFICIENT,LOW,OTHER
6584228f0f28410a0c08b6b1a67c50608883f96615eb663aeff097ed2e04ff9f,9b6b64dc-926c-5e4b-b2f0-76bc4630a13f,alttext-ai,CVE-2026-25348,progpilot,auth,True,True,False,MISMATCH,RELATED_AREA_DIFFERENT_DEFECT,SUFFICIENT,HIGH,LOCATION_ONLY,MISMATCH,UNRELATED,SUFFICIENT,HIGH,OTHER
673c7c5a46843556c1a58a53ede1d65a9ddff96ccf8b3052532e56382312cb76,9ab4c574-b5d8-5ace-913a-0516cf4ba5c5,wp-job-portal,CVE-2026-48880,wisp,other,False,False,False,MISMATCH,UNRELATED,SUFFICIENT,MEDIUM,OTHER,MISMATCH,UNRELATED,SUFFICIENT,HIGH,OTHER
6bc621c4dcef56a85bad498c068253591696866bee8b0f584f5a79f071163cfa,06e48f4c-a389-52a4-be5d-46586b1421aa,filr-protection,CVE-2026-28133,semgrep,upload,False,False,False,MISMATCH,UNRELATED,PARTIAL,MEDIUM,PATCH_TOO_BROAD,MISMATCH,UNRELATED,SUFFICIENT,HIGH,OTHER
6fee673d6f3f8f24dbeab873b6b9a277c3ba6cc85f81c25a4beddbd972471cd4,095bd870-582a-5552-8381-d8c3d2af37b4,cf7-insightly,CVE-2026-32527,wpt,auth,False,False,False,MISMATCH,UNRELATED,SUFFICIENT,HIGH,OTHER,MISMATCH,UNRELATED,SUFFICIENT,HIGH,OTHER
7026a6d7ccb0211f582e0170f8ba5c5dff50a47f7e7819da0dca1497e0d1162b,13fa76d9-fe7d-5db3-ad30-b97a0388badc,ecab-taxi-booking-manager,CVE-2026-28040,semgrep,xss,False,False,False,MATCH,RELATED_AREA_DIFFERENT_DEFECT,PARTIAL,MEDIUM,LOCATION_ONLY,MATCH,RELATED_AREA_DIFFERENT_DEFECT,SUFFICIENT,MEDIUM,OTHER
71853971f3c504d41347e12e291632f4319bbce5d1177032028041152e22b9be,bc3584ca-3b58-597b-b060-9fb3bbbeb576,groundhogg,CVE-2026-40727,semgrep,other,False,False,False,MISMATCH,UNRELATED,SUFFICIENT,HIGH,OTHER,MISMATCH,UNRELATED,SUFFICIENT,HIGH,OTHER
71bbad6919440706495156e3e1e45936de15674643f42c9986d9145e6aba9909,877925a7-b36b-5a9b-83c0-49d0819fc4a6,user-registration,CVE-2026-25425,semgrep,other,False,False,False,MISMATCH,UNRELATED,SUFFICIENT,HIGH,OTHER,MATCH,UNRELATED,SUFFICIENT,HIGH,OTHER
743bc7501afe71518d3d07ab42f6d4fcc21a3cd2498c7c904b0dcc7f57bd1b83,19c7cc44-ba0f-578e-9584-79cffe45d6e9,mw-wp-form,CVE-2023-6316,wpt,upload,False,False,False,MISMATCH,RELATED_AREA_DIFFERENT_DEFECT,SUFFICIENT,HIGH,LOCATION_ONLY,MISMATCH,UNRELATED,SUFFICIENT,HIGH,OTHER
7657d2120126db1c242727f308fb802cbe879abcbfc9446f83faa5bd49b947d5,5669466d-2a47-5795-964c-03dc264a2801,post-smtp,CVE-2026-48838,semgrep,other,False,False,False,MATCH,RELATED_AREA_DIFFERENT_DEFECT,SUFFICIENT,MEDIUM,LOCATION_ONLY,MATCH,RELATED_AREA_DIFFERENT_DEFECT,SUFFICIENT,MEDIUM,OTHER
76bd530d410886b21c866dda996e739c59d7995dca9dc08cede278bbe8b1f97f,e4e809e9-346f-52f8-8973-aedf0f2d0033,products-file-upload-for-woocommerce,CVE-2026-25328,wisp,lfi,True,True,False,MISMATCH,RELATED_AREA_DIFFERENT_DEFECT,SUFFICIENT,HIGH,LOCATION_ONLY,MISMATCH,UNRELATED,SUFFICIENT,HIGH,OTHER
77fc60203d2aea90b3e140bfca846d427456f882b80e7cc28d5e4de34458c32f,84d91d3f-6e7c-54b7-9c57-9bc65afe3a80,nelio-content,CVE-2026-39521,wisp,ssrf,False,False,False,MISMATCH,UNRELATED,SUFFICIENT,MEDIUM,OTHER,MISMATCH,UNRELATED,SUFFICIENT,HIGH,OTHER
791ed15c4a3b3d5290aac732ea4be7c057e1ed5bd6a8700ffc28a6ba1100a09d,b68cfa29-67ec-56f3-ae3e-a85d62c196d0,simple-cloudflare-turnstile,CVE-2026-40799,wpt,other,True,False,False,MISMATCH,RELATED_AREA_DIFFERENT_DEFECT,SUFFICIENT,MEDIUM,LOCATION_ONLY,MISMATCH,RELATED_AREA_DIFFERENT_DEFECT,SUFFICIENT,HIGH,LOCATION_ONLY
7e17df9c5a73d9d6829ad2a62f1a3cb69b0b33acc31a7ac639fb275660982065,4291d3ab-ef48-5402-a741-78fe6f1dabd0,ultimate-addons-for-contact-form-7,CVE-2026-32460,semgrep,xss,False,False,False,MISMATCH,UNRELATED,SUFFICIENT,HIGH,OTHER,MATCH,UNRELATED,SUFFICIENT,HIGH,OTHER
7f3e97e4abe177f0b0026c291d023e554ee979f970abff1496dd0dd752627c98,c91e09dd-95e9-55b8-ac07-0b8129e2fe2d,coblocks,CVE-2024-4260,wisp,ssrf,False,False,False,MATCH,UNRELATED,SUFFICIENT,HIGH,DIFFERENT_CALL_PATH,MATCH,UNRELATED,SUFFICIENT,HIGH,OTHER
7f494615297093eba2e9299a8a09d4a0b814021f180c7a4ec129ea6dd389a459,bceeb7c5-da46-50e6-8449-da23b09a57e8,wpcomplete,CVE-2026-42750,wisp,xss,True,False,False,MISMATCH,RELATED_AREA_DIFFERENT_DEFECT,SUFFICIENT,MEDIUM,LOCATION_ONLY,MISMATCH,RELATED_AREA_DIFFERENT_DEFECT,SUFFICIENT,HIGH,LOCATION_ONLY
7ffc0aa4ce34d77c7526583ed669a38366830151c50f10378e27f23e5d020d22,45b03216-979a-5a7c-93bf-da123fc09dde,woo-cart-abandonment-recovery,CVE-2026-39470,progpilot,auth,False,False,False,UNCERTAIN,INSUFFICIENT_EVIDENCE,INSUFFICIENT,LOW,TOOL_REPORT_INCOMPLETE,UNCERTAIN,INSUFFICIENT_EVIDENCE,INSUFFICIENT,LOW,TOOL_REPORT_INCOMPLETE
801b8b7de8b5fd95f9d6d3b2ba708d1b06a6ab10acdf5389cc65128a5bb5eb91,aee8f3c2-26e7-581f-8019-27bd44bb2eb1,new-user-approve,CVE-2025-69063,semgrep,auth,False,False,False,MATCH,RELATED_AREA_DIFFERENT_DEFECT,SUFFICIENT,MEDIUM,LOCATION_ONLY,MISMATCH,UNRELATED,SUFFICIENT,HIGH,OTHER
809281b6b16e842e6ffe529e8165eca0c0119624709c05b5276931ca19e2f189,c63c1edb-d197-577d-9c65-4fec603936e9,themesflat-addons-for-elementor,CVE-2026-39500,wpt,xss,False,False,False,MATCH,RELATED_AREA_DIFFERENT_DEFECT,SUFFICIENT,MEDIUM,LOCATION_ONLY,MATCH,UNRELATED,SUFFICIENT,MEDIUM,OTHER
80aa0a4ff1c27522b423f1eadcb08c9e15dbec39e72faf4daedc6838f4362a63,db0ae7f6-e22c-5666-b2cb-6c23053a4659,wp-time-slots-booking-form,CVE-2026-32432,wpt,auth,False,False,False,MISMATCH,UNRELATED,SUFFICIENT,MEDIUM,OTHER,MISMATCH,UNRELATED,SUFFICIENT,HIGH,OTHER
81afabbacf6f486052342cab25076be29745829513aad56103c52d4bc45f3726,ce14c69e-6134-5e51-84b5-1bf00035c656,simply-schedule-appointments,CVE-2026-39694,wisp,auth,False,False,False,MISMATCH,UNRELATED,SUFFICIENT,MEDIUM,OTHER,MISMATCH,UNRELATED,SUFFICIENT,MEDIUM,OTHER
81dbb72707e05f3ac7b317f952faa4347baaad47dd4e6ca9a31b0d5588a4f070,7c349a3e-baf0-5c51-9563-6eb592c9eea5,export-wp-page-to-static-html,CVE-2026-24574,wisp,csrf,True,False,False,MISMATCH,RELATED_AREA_DIFFERENT_DEFECT,PARTIAL,MEDIUM,PATCH_TOO_BROAD,MISMATCH,INSUFFICIENT_EVIDENCE,INSUFFICIENT,LOW,PATCH_TOO_BROAD
82822363a297c8f40ebb42869b66c52137bf4e2647b1c898ea45f11c4aa43d93,61589af2-2a1f-5fb0-a96a-badb624868e4,instantio,CVE-2026-39571,semgrep,other,False,False,False,MISMATCH,UNRELATED,SUFFICIENT,HIGH,OTHER,MISMATCH,UNRELATED,SUFFICIENT,HIGH,OTHER
842ac2fc80d1dcf6c9d629fe676d5210c5f230a9785288bb39bb5ba744028d34,877925a7-b36b-5a9b-83c0-49d0819fc4a6,user-registration,CVE-2026-25425,semgrep,other,True,True,False,MISMATCH,UNRELATED,SUFFICIENT,HIGH,OTHER,MATCH,UNRELATED,SUFFICIENT,HIGH,OTHER
8536f0e7a2998e9db212070580c153383cc6f7e2d5ad1f738a2f4241991d34ab,93e33bbc-181b-52e9-9fd7-b591c798083e,duplicate-post,-,wisp,sqli,False,False,False,UNCERTAIN,INSUFFICIENT_EVIDENCE,INSUFFICIENT,LOW,TOOL_REPORT_INCOMPLETE,MISMATCH,INSUFFICIENT_EVIDENCE,INSUFFICIENT,LOW,OTHER
8693f54fa089d7ea77a4dd755818ae047797c9a93123bf7ece0b36ce5e45f98c,c63c1edb-d197-577d-9c65-4fec603936e9,themesflat-addons-for-elementor,CVE-2026-39500,semgrep,xss,False,False,False,MATCH,RELATED_AREA_DIFFERENT_DEFECT,SUFFICIENT,MEDIUM,LOCATION_ONLY,MATCH,UNRELATED,SUFFICIENT,HIGH,OTHER
886b45bfdf00963e7d273beace7813b8b02a50532c10bb981e1371b624fb59b7,72e17be1-5d62-57d9-b5ae-3c2210f3da67,amazonsimpleadmin,CVE-2026-42759,wisp,xss,True,False,False,MISMATCH,UNRELATED,SUFFICIENT,HIGH,OTHER,MISMATCH,UNRELATED,SUFFICIENT,HIGH,OTHER
8a2233bb64942e392d4bbf6462104a185947c0d50a7c643e4c9819e550c507a7,b787eeeb-902a-57e6-bf0c-75ac820385ce,review-schema,CVE-2026-25344,semgrep,other,True,True,False,MISMATCH,UNRELATED,SUFFICIENT,HIGH,OTHER,MISMATCH,UNRELATED,SUFFICIENT,HIGH,OTHER
8bd442fd5bfb47978eaee9c5b16d31903c820a3fbf06cad39f620455f8295d2d,72e17be1-5d62-57d9-b5ae-3c2210f3da67,amazonsimpleadmin,CVE-2026-42759,wpt,xss,False,False,False,MATCH,UNRELATED,SUFFICIENT,MEDIUM,OTHER,MATCH,UNRELATED,SUFFICIENT,HIGH,OTHER
8c32b5012ef2e5694959075b46f5cea2b9a9adf14c73bf667f17157724c5fdd3,c8ccb6e1-0747-569a-b0db-29acf7893b43,the-post-grid,CVE-2026-49054,wisp,auth,False,False,False,MATCH,RELATED_AREA_DIFFERENT_DEFECT,PARTIAL,MEDIUM,LOCATION_ONLY,MATCH,UNRELATED,SUFFICIENT,MEDIUM,OTHER
8c6a3c463903cd383e192374988e7f9d3c455893fdf0d184ee4980e887d3457a,0e0b6a47-d884-5990-8adb-2779643fa92a,powerpack-lite-for-elementor,CVE-2026-32430,semgrep,xss,True,True,True,MATCH,SAME_DEFECT,SUFFICIENT,HIGH,SAME_MISSING_GUARD,MATCH,SAME_DEFECT,SUFFICIENT,MEDIUM,SAME_MISSING_GUARD
8ccf83145f57aabcf176ef5c9b46ea364f2d6b379f844cd94081e8e9c6f44435,2ddcd4cf-3f5a-5425-8262-464f8f9f8cb0,site-mailer,CVE-2025-1319,wisp,xss,False,False,False,MISMATCH,RELATED_AREA_DIFFERENT_DEFECT,SUFFICIENT,HIGH,LOCATION_ONLY,MISMATCH,UNRELATED,SUFFICIENT,HIGH,OTHER
8d2ff92023c47ef97ce0c400a0350929a6234ccac83a31020aba2c8e9f61f99e,7aefeb0e-1a99-5b85-a8b3-e400b25a787d,collapsing-categories,CVE-2026-32366,wisp,sqli,True,False,False,UNCERTAIN,RELATED_AREA_DIFFERENT_DEFECT,PARTIAL,LOW,LOCATION_ONLY,MISMATCH,INSUFFICIENT_EVIDENCE,PARTIAL,LOW,OTHER
8e5c5d693cdde667768e97e91137534e5fcdea40de1c7cd9fc6fb081c71d6e2d,ce14c69e-6134-5e51-84b5-1bf00035c656,simply-schedule-appointments,CVE-2026-39694,wpt,auth,False,False,False,MISMATCH,UNRELATED,SUFFICIENT,MEDIUM,OTHER,MISMATCH,UNRELATED,SUFFICIENT,HIGH,OTHER
8f7076d49f089f0b287866fdafe509201c932a9fe6a207b475b075b476d08b92,bf2991e6-d134-5ec2-ab55-ed8a89cc582f,advanced-iframe,CVE-2026-25453,wisp,xss,True,False,False,MISMATCH,RELATED_AREA_DIFFERENT_DEFECT,SUFFICIENT,MEDIUM,LOCATION_ONLY,MISMATCH,UNRELATED,SUFFICIENT,HIGH,OTHER
9083e3b2372f51a13456817797f431e0c82115e2f3839acc946185e3694a1904,fd3bfa4c-4a48-5ce9-b5e2-d2f27ede7b83,official-mailerlite-sign-up-forms,CVE-2026-25420,wpt,auth,False,False,False,MISMATCH,RELATED_AREA_DIFFERENT_DEFECT,SUFFICIENT,MEDIUM,LOCATION_ONLY,MISMATCH,RELATED_AREA_DIFFERENT_DEFECT,SUFFICIENT,MEDIUM,OTHER
927eb57e6c73b1a2df71710514adada3a1eb3b1ee7f5b83fa34e417924999128,c8ccb6e1-0747-569a-b0db-29acf7893b43,the-post-grid,CVE-2026-49054,semgrep,auth,False,False,False,MISMATCH,INSUFFICIENT_EVIDENCE,INSUFFICIENT,LOW,TOOL_REPORT_INCOMPLETE,MISMATCH,UNRELATED,PARTIAL,HIGH,OTHER
93a449a2b161105ff49fff48d11d69eba28bf9155987bcbcede05145b9dde4bb,9c9e31e9-266d-5b2f-ac57-e8c9fda5e008,easy-table-of-contents,CVE-2026-32343,wisp,csrf,True,False,False,MISMATCH,UNRELATED,SUFFICIENT,MEDIUM,OTHER,MISMATCH,UNRELATED,SUFFICIENT,HIGH,WRONG_CLASS
93d68de543fea6e2fff51af7c9c33a7e63abe19c2b2117e494e0d4612f86b6b4,28d1f250-8707-5a7b-89e8-828175a4f3ec,microsoft-clarity,CVE-2024-0590,wisp,csrf,True,False,False,MATCH,SAME_DEFECT,SUFFICIENT,HIGH,SAME_MISSING_GUARD,MATCH,SAME_DEFECT,SUFFICIENT,HIGH,SAME_MISSING_GUARD
9508ff87689512e852db781689640678379ef4479846c6f7171f0a9a076f4b90,e27dc6f2-69f7-52bf-bc84-e66905822030,userfeedback-lite,CVE-2026-39475,wpt,sqli,True,True,True,MISMATCH,RELATED_AREA_DIFFERENT_DEFECT,SUFFICIENT,MEDIUM,LOCATION_ONLY,MISMATCH,UNRELATED,SUFFICIENT,HIGH,OTHER
9522b2919d0f7f44293fcdc6fd6397de74c0e8a9b86e0ef3cf3808e75ad529cd,9b6b64dc-926c-5e4b-b2f0-76bc4630a13f,alttext-ai,CVE-2026-25348,semgrep,auth,True,True,False,MISMATCH,RELATED_AREA_DIFFERENT_DEFECT,SUFFICIENT,MEDIUM,LOCATION_ONLY,MISMATCH,UNRELATED,SUFFICIENT,HIGH,OTHER
9840e316fb79219495aaa86fadf0ee8cd735256c58493e0f8954ff75f18b9149,393a63c2-e21b-56cc-84c0-91d3171910a8,fluent-cart,CVE-2025-67971,wisp,xss,False,False,False,MISMATCH,UNRELATED,SUFFICIENT,MEDIUM,OTHER,MISMATCH,UNRELATED,SUFFICIENT,HIGH,OTHER
9930b4559d454f42a533fca175f8941ca8e9556893e3532358211e7b85c49f39,7361b8f7-1de1-57d3-ab73-aab51e9ebf14,geo-mashup,CVE-2026-27427,wisp,xss,True,False,False,MISMATCH,SAME_DEFECT,SUFFICIENT,MEDIUM,WRONG_CLASS,MISMATCH,SAME_DEFECT,SUFFICIENT,MEDIUM,SAME_SOURCE_SINK
994c5495d496a0f5c1800f95eb010eae0413d7cd7f151aab0e4f390e12b8bfb1,0af1c547-0c69-51eb-ac4f-da03323af3e7,cleantalk-spam-protect,CVE-2022-3302,wisp,sqli,False,False,False,MISMATCH,RELATED_AREA_DIFFERENT_DEFECT,SUFFICIENT,HIGH,LOCATION_ONLY,MISMATCH,UNRELATED,SUFFICIENT,HIGH,OTHER
9a62be666a1509c935e1319bac5e6f0130f114a29d7fc2f867e5948774d6b205,21c41ba7-c192-58fb-a289-f6a1b2d61903,collectchat,CVE-2026-40765,wpt,other,True,False,False,MATCH,SAME_DEFECT,SUFFICIENT,HIGH,SAME_SOURCE_SINK,MATCH,SAME_DEFECT,SUFFICIENT,HIGH,SAME_SOURCE_SINK
9aabd5918c3fed4322899520483506136a205fcdf5b437f56e88e6f58786c741,db0ae7f6-e22c-5666-b2cb-6c23053a4659,wp-time-slots-booking-form,CVE-2026-32432,semgrep,auth,False,False,False,MISMATCH,UNRELATED,SUFFICIENT,MEDIUM,OTHER,MISMATCH,UNRELATED,SUFFICIENT,HIGH,OTHER
9cb6f5f3ce0613f6a5319cb5e76e0a4b0886c57493378902f8185857cb23b941,9b6b64dc-926c-5e4b-b2f0-76bc4630a13f,alttext-ai,CVE-2026-25348,semgrep,auth,True,True,False,MISMATCH,RELATED_AREA_DIFFERENT_DEFECT,SUFFICIENT,MEDIUM,LOCATION_ONLY,MISMATCH,UNRELATED,SUFFICIENT,HIGH,OTHER
9ed88fe5af66de30cf1ec0013e278fe15df222c6a4b018763cb136b149569e11,76e861df-31ab-5502-9c65-0b7e456e04d9,quickwebp,CVE-2026-42756,wpt,lfi,False,False,False,MATCH,RELATED_AREA_DIFFERENT_DEFECT,PARTIAL,MEDIUM,LOCATION_ONLY,MISMATCH,UNRELATED,SUFFICIENT,MEDIUM,OTHER
a0afe82b323eadfab3b948a21d98c87c597d87adbdcbe61281c1c114811e0bd1,d284fb63-a2cb-52d0-9f60-87bcefb65fb4,seriously-simple-podcasting,CVE-2026-39505,wpt,auth,False,False,False,MISMATCH,UNRELATED,PARTIAL,LOW,OTHER,MISMATCH,UNRELATED,SUFFICIENT,MEDIUM,OTHER
a0be3ffcc0c394743d6480e84a459cb6b67a8b953e2fa022fa6fd748d541350c,f0ea484e-3dde-5ad1-a3ab-bb3d9cab2de9,modal-dialog,CVE-2026-32367,wpt,rce,True,False,False,MISMATCH,RELATED_AREA_DIFFERENT_DEFECT,SUFFICIENT,HIGH,LOCATION_ONLY,MISMATCH,RELATED_AREA_DIFFERENT_DEFECT,SUFFICIENT,HIGH,OTHER
a0f62cb4bb0f5c9bb66836582678f0d0ddff067952bc1f538bd446f0a73032a7,d284886b-8dae-546a-8226-5327e795e883,backup-backup,CVE-2026-39480,semgrep,other,True,False,False,MISMATCH,RELATED_AREA_DIFFERENT_DEFECT,SUFFICIENT,MEDIUM,LOCATION_ONLY,UNCERTAIN,RELATED_AREA_DIFFERENT_DEFECT,SUFFICIENT,HIGH,LOCATION_ONLY
a3268f5a1876b1d814b4b5c15f6101123c8620c360691b2e20de4db765f67bb4,e4e809e9-346f-52f8-8973-aedf0f2d0033,products-file-upload-for-woocommerce,CVE-2026-25328,semgrep,lfi,True,True,True,MATCH,SAME_DEFECT,SUFFICIENT,HIGH,SAME_SOURCE_SINK,MATCH,SAME_DEFECT,SUFFICIENT,HIGH,SAME_SOURCE_SINK
a3d0ce9b26d32d8cf4eb3d4a48717d5cefe396e35e2f35dca548b4e8ca65d906,b68cfa29-67ec-56f3-ae3e-a85d62c196d0,simple-cloudflare-turnstile,CVE-2026-40799,wisp,other,True,True,False,MISMATCH,RELATED_AREA_DIFFERENT_DEFECT,SUFFICIENT,MEDIUM,LOCATION_ONLY,MISMATCH,RELATED_AREA_DIFFERENT_DEFECT,SUFFICIENT,MEDIUM,LOCATION_ONLY
a4923b7afffde6d35abccc7bc910f5a1060a96e2d73a069e2c492d74057f73c4,3396e82b-8783-5ced-9c04-d525838a14ed,cliengo,CVE-2025-69388,wisp,auth,True,True,False,MISMATCH,SAME_DEFECT,SUFFICIENT,MEDIUM,WRONG_CLASS,MISMATCH,SAME_DEFECT,SUFFICIENT,MEDIUM,SAME_SENSITIVE_OPERATION
a4df7e97d3c0cc9355b18442706d428aa03a21928e9db54d735bfec288e09ca9,bceeb7c5-da46-50e6-8449-da23b09a57e8,wpcomplete,CVE-2026-42750,wpt,xss,True,False,False,MATCH,RELATED_AREA_DIFFERENT_DEFECT,SUFFICIENT,MEDIUM,LOCATION_ONLY,MISMATCH,RELATED_AREA_DIFFERENT_DEFECT,SUFFICIENT,MEDIUM,LOCATION_ONLY
a505c84d097f1b5996bbf4dcde4ec22b253838ba8fe20a2c3fc41db4dfc4a822,0dfa37a9-7af8-51d1-ae6e-77ee458ff9bf,advanced-coupons-for-woocommerce-free,CVE-2026-39508,wisp,xss,True,False,False,MISMATCH,UNRELATED,SUFFICIENT,MEDIUM,OTHER,MISMATCH,UNRELATED,SUFFICIENT,HIGH,OTHER
a5a066881793517b720fd9df53990a10a096114f1a971f546c3573990ed30092,30af4ff8-5767-5ce3-8ce0-59ba644c44e3,mycred,CVE-2026-27440,semgrep,xss,False,False,False,MATCH,UNRELATED,SUFFICIENT,MEDIUM,OTHER,MATCH,UNRELATED,SUFFICIENT,HIGH,OTHER
a64e7345eb7987e6d847630fb6744c4c46cbff807e289a0c95cdd2d0db2525a2,46f3f81a-06b5-5e7a-952e-af678a2eea1e,geo-mashup,CVE-2026-48967,progpilot,other,False,False,False,MISMATCH,UNRELATED,SUFFICIENT,HIGH,OTHER,MISMATCH,UNRELATED,SUFFICIENT,HIGH,OTHER
a6e23d9d90211e11e7b29fd40fef5575fe48d11788f151804d70a18e1cae0d7c,46f3f81a-06b5-5e7a-952e-af678a2eea1e,geo-mashup,CVE-2026-48967,wpt,other,True,True,False,MISMATCH,RELATED_AREA_DIFFERENT_DEFECT,SUFFICIENT,MEDIUM,LOCATION_ONLY,MISMATCH,RELATED_AREA_DIFFERENT_DEFECT,SUFFICIENT,MEDIUM,LOCATION_ONLY
a77f19e93c56215e261c419f411878630a4d14bf38d70cd7fa132bfdc6e0ca5d,d284886b-8dae-546a-8226-5327e795e883,backup-backup,CVE-2026-39480,wisp,other,True,True,False,MISMATCH,SAME_DEFECT,SUFFICIENT,MEDIUM,SAME_SENSITIVE_OPERATION,MISMATCH,RELATED_AREA_DIFFERENT_DEFECT,SUFFICIENT,MEDIUM,LOCATION_ONLY
a8d432c58b56bf83994e60e9c3e7ee7a93b2a320c6b8e795fa9993f539f0065f,325a9b8a-ef34-5b71-a6f9-bd5d28a30c2a,gutenberg,CVE-2025-64354,wisp,xss,False,False,False,MISMATCH,UNRELATED,PARTIAL,MEDIUM,OTHER,MISMATCH,UNRELATED,SUFFICIENT,HIGH,OTHER
ac1f9d822b1479dc2347e5d5c6ef69c86f832b349cd10f6d1fa85aed1befecd1,7361b8f7-1de1-57d3-ab73-aab51e9ebf14,geo-mashup,CVE-2026-27427,semgrep,xss,True,False,False,MISMATCH,RELATED_AREA_DIFFERENT_DEFECT,SUFFICIENT,MEDIUM,LOCATION_ONLY,MISMATCH,RELATED_AREA_DIFFERENT_DEFECT,SUFFICIENT,HIGH,LOCATION_ONLY
ad0283a3cde543d5eb1831927bd3d5dec88571ed5b0e741bf61ea9d39152b21a,40b92e73-2ee9-579a-8b8f-97bc3e86672c,cp-contact-form-with-paypal,CVE-2026-32433,progpilot,sqli,False,False,False,MISMATCH,UNRELATED,SUFFICIENT,HIGH,OTHER,MISMATCH,UNRELATED,SUFFICIENT,HIGH,OTHER
af2358a75825482ffeb99f18946ca86eabee476d49daa28c5482fac42df802a4,f58a7493-b198-55e5-8423-cf1395a2d006,woocommerce-delivery-notes,CVE-2026-24946,wpt,auth,True,False,False,MATCH,RELATED_AREA_DIFFERENT_DEFECT,SUFFICIENT,MEDIUM,LOCATION_ONLY,MATCH,RELATED_AREA_DIFFERENT_DEFECT,SUFFICIENT,HIGH,OTHER
af581759c68d2ef47b13d20630faae97be6e3e1b07afddc542f376c668dd0beb,9d2723eb-ccdf-56db-8cfd-9f0fe6659b50,generateblocks,CVE-2026-48877,wpt,other,False,False,False,MISMATCH,UNRELATED,SUFFICIENT,MEDIUM,OTHER,MISMATCH,UNRELATED,SUFFICIENT,HIGH,OTHER
af942f6d4fb51529fff77370b3166487e5f20a1b9943685c00c2e86e4862758f,48c9ffd1-141b-5cfc-b63c-0894f669fbcc,visitor-maps-extended-referer-field,CVE-2025-69389,wisp,xss,True,False,False,MATCH,INSUFFICIENT_EVIDENCE,PARTIAL,LOW,TOOL_REPORT_INCOMPLETE,MATCH,INSUFFICIENT_EVIDENCE,INSUFFICIENT,LOW,OTHER
b0b01e4c03503affa58fe82ccc63099e5a72bff9b269cd941d667712e9a35b9c,c204c063-cba5-5740-9158-9f5b91c68f6d,latepoint,CVE-2026-49083,semgrep,other,False,False,False,MISMATCH,UNRELATED,PARTIAL,MEDIUM,OTHER,UNCERTAIN,UNRELATED,PARTIAL,MEDIUM,OTHER
b1144e7b49ef00af28aa68d59b8ec57c2937486efa121e0a8086c5d3d76b94a1,f672f767-8de2-5081-a79e-996df7677cf6,litespeed-cache,CVE-2024-51915,wisp,xss,True,True,True,MISMATCH,UNRELATED,SUFFICIENT,MEDIUM,OTHER,MISMATCH,UNRELATED,SUFFICIENT,HIGH,OTHER
b180d01d9fbbfb2872c06ed05c5e1c8c565a3984b811f09b3cdabb923db480fd,bd515a83-5634-5e2c-b55f-0254d80ab3eb,custom-post-type-ui,CVE-2023-1623,wpt,csrf,False,False,False,MISMATCH,UNRELATED,SUFFICIENT,MEDIUM,OTHER,MISMATCH,UNRELATED,SUFFICIENT,HIGH,OTHER
b2611ce11e5de6fe7cd5be05f723cbddd894adc6d4f5dce9c978c1350a3c1f8d,d284fb63-a2cb-52d0-9f60-87bcefb65fb4,seriously-simple-podcasting,CVE-2026-39505,wisp,auth,True,False,False,MATCH,RELATED_AREA_DIFFERENT_DEFECT,SUFFICIENT,MEDIUM,LOCATION_ONLY,MATCH,RELATED_AREA_DIFFERENT_DEFECT,SUFFICIENT,MEDIUM,LOCATION_ONLY
b2916bf0bd0378cb8dfca8a5b5cefb7a4207208451c11383a16058cd903de7c3,ae81eb74-bb0e-5258-83f7-f6169c06ef5e,woocustomizer,CVE-2026-27046,semgrep,auth,True,False,False,MISMATCH,RELATED_AREA_DIFFERENT_DEFECT,SUFFICIENT,MEDIUM,PATCH_TOO_BROAD,MISMATCH,UNRELATED,SUFFICIENT,HIGH,OTHER
b375012954c696e8cdf600275613443fc590d5ff8898795b7d42b435502218c1,8dec23e1-a791-5542-9fb3-f3c344cbb4ab,elementor,CVE-2026-32445,wisp,auth,False,False,False,MATCH,RELATED_AREA_DIFFERENT_DEFECT,PARTIAL,MEDIUM,LOCATION_ONLY,MATCH,UNRELATED,SUFFICIENT,HIGH,OTHER
b5637f93c608dccc78d00ca5eeb7140e330147f6b369006ba1c6d6a187016b85,a0283747-8722-5ddf-a34a-ce854d47bcd5,backwpup,-,semgrep,rce,True,False,False,MISMATCH,RELATED_AREA_DIFFERENT_DEFECT,SUFFICIENT,MEDIUM,PATCH_TOO_BROAD,MISMATCH,UNRELATED,PARTIAL,MEDIUM,OTHER
b5687e4459a702b3213e88aa0058ad58252f01e683407d8bbd310ce538fe6f1f,c91e09dd-95e9-55b8-ac07-0b8129e2fe2d,coblocks,CVE-2024-4260,wisp,ssrf,False,False,False,MISMATCH,UNRELATED,SUFFICIENT,HIGH,OTHER,MISMATCH,UNRELATED,SUFFICIENT,HIGH,OTHER
bb16bc4b3be9a902ec67c9ea2f22b2310f1dc1ae36f37d9c2adce67fb5f96979,c204c063-cba5-5740-9158-9f5b91c68f6d,latepoint,CVE-2026-49083,semgrep,other,False,False,False,MISMATCH,UNRELATED,PARTIAL,MEDIUM,OTHER,UNCERTAIN,UNRELATED,PARTIAL,MEDIUM,OTHER
bdfd2b739e1b98f706580720da0df45edc5285642ce6c1a19d5859740868a5ca,61589af2-2a1f-5fb0-a96a-badb624868e4,instantio,CVE-2026-39571,semgrep,other,True,True,True,MISMATCH,SAME_DEFECT,SUFFICIENT,MEDIUM,WRONG_CLASS,MISMATCH,SAME_DEFECT,SUFFICIENT,MEDIUM,SAME_SOURCE_SINK
bf130f4f009346e4ac97d77c8da264cce1d88d1af6f781986965d8e8a90f0b1b,5b5e036f-b019-54e8-93a2-fefde0fd627a,motors-car-dealership-classified-listings,CVE-2026-54814,wisp,lfi,False,False,False,MISMATCH,UNRELATED,SUFFICIENT,HIGH,OTHER,MISMATCH,UNRELATED,SUFFICIENT,HIGH,OTHER
bf1cd0b218f7ed1903fd6e3d3b9ce278d7b6d1528f9c8b4089274ad7cf9659bd,db0ae7f6-e22c-5666-b2cb-6c23053a4659,wp-time-slots-booking-form,CVE-2026-32432,semgrep,auth,False,False,False,MISMATCH,UNRELATED,SUFFICIENT,MEDIUM,OTHER,MISMATCH,UNRELATED,PARTIAL,MEDIUM,OTHER
bfdab0ae6694814bfe6f8b1cf0017b8aa462365d89f4d4cdb7f843b811362a4b,7c349a3e-baf0-5c51-9563-6eb592c9eea5,export-wp-page-to-static-html,CVE-2026-24574,wpt,csrf,True,False,False,MISMATCH,SAME_DEFECT,PARTIAL,MEDIUM,SAME_SENSITIVE_OPERATION,MISMATCH,INSUFFICIENT_EVIDENCE,INSUFFICIENT,LOW,PATCH_TOO_BROAD
c0eb91d066ab4ccec1978e6fab9851349a13e4e273ae5764c0052d6218ac0282,45b03216-979a-5a7c-93bf-da123fc09dde,woo-cart-abandonment-recovery,CVE-2026-39470,wpt,auth,True,False,False,MISMATCH,UNRELATED,SUFFICIENT,MEDIUM,OTHER,MISMATCH,UNRELATED,SUFFICIENT,HIGH,WRONG_CLASS
c118af5792bfb0befe37c3cbc4ea424afae40e36b1cd9034a3a10457dcd1ee67,379acb3b-ba4d-5619-a662-16b4aff51747,timetics,CVE-2026-39432,wisp,auth,True,True,False,MISMATCH,UNRELATED,SUFFICIENT,MEDIUM,PATCH_TOO_BROAD,MISMATCH,UNRELATED,SUFFICIENT,HIGH,OTHER
c15df03d34b28401f1c9f154cae513cf9bcca1d278584d91902b2d83e9ce5161,c8e69fe1-0d3d-5f9b-a0bd-e059693bf9ab,essential-addons-for-elementor-lite,CVE-2024-3018,wisp,deserial,True,False,False,MISMATCH,RELATED_AREA_DIFFERENT_DEFECT,SUFFICIENT,HIGH,LOCATION_ONLY,MISMATCH,RELATED_AREA_DIFFERENT_DEFECT,SUFFICIENT,MEDIUM,LOCATION_ONLY
c4ec65ec4b5516840b5a2333d9cfb843bc8d87dfe3bb61c0da6a5f63e1aab0f8,60deea4e-cf45-5f12-ae05-27ad1cd6dcbe,w3-total-cache,CVE-2025-9501,semgrep,rce,False,False,False,MISMATCH,UNRELATED,SUFFICIENT,MEDIUM,OTHER,MISMATCH,UNRELATED,SUFFICIENT,HIGH,OTHER
c56e38fdb253dd77614744a39ce35167b69388526c68a92f935a30f0a3577e3d,45b03216-979a-5a7c-93bf-da123fc09dde,woo-cart-abandonment-recovery,CVE-2026-39470,wisp,auth,True,False,False,MISMATCH,UNRELATED,SUFFICIENT,MEDIUM,OTHER,MISMATCH,UNRELATED,SUFFICIENT,HIGH,OTHER
c70ff03965a3680abf64e58d5edf7206e48d69c5930faf50b6715cf623d47bae,30af4ff8-5767-5ce3-8ce0-59ba644c44e3,mycred,CVE-2026-27440,semgrep,xss,False,False,False,MATCH,UNRELATED,SUFFICIENT,MEDIUM,OTHER,MATCH,UNRELATED,SUFFICIENT,HIGH,OTHER
c8218cbf58ee7b97a7bb771e739f0f7db3dcb1c058f4574507e71cb1fc214e62,c6312b95-6153-5145-8947-dbfa32f64006,advanced-google-recaptcha,CVE-2025-2074,wisp,sqli,True,False,False,MISMATCH,RELATED_AREA_DIFFERENT_DEFECT,SUFFICIENT,MEDIUM,LOCATION_ONLY,MISMATCH,RELATED_AREA_DIFFERENT_DEFECT,SUFFICIENT,HIGH,LOCATION_ONLY
c823a296315914a706b0fb3006ecd03b88bf9912cacd873bcd640b6ba6b774f5,f0ea484e-3dde-5ad1-a3ab-bb3d9cab2de9,modal-dialog,CVE-2026-32367,semgrep,rce,True,True,False,MISMATCH,RELATED_AREA_DIFFERENT_DEFECT,SUFFICIENT,HIGH,LOCATION_ONLY,MISMATCH,RELATED_AREA_DIFFERENT_DEFECT,SUFFICIENT,MEDIUM,LOCATION_ONLY
caf3d93b723794fad52fa4595446b49f583a25c6172a26f3e6f5f1282ab4dfa3,35c71a18-94f9-568c-87c8-aaac138ef156,image-optimization,CVE-2026-25387,wisp,auth,False,False,False,MISMATCH,UNRELATED,SUFFICIENT,HIGH,OTHER,MISMATCH,UNRELATED,SUFFICIENT,HIGH,OTHER
cd0c715e48fed03bb493a019495eec6ecfae25d3b1521abaaecba5388f219db8,fb0917fe-f800-51e9-9d57-4ab1dfed6806,backuply,CVE-2024-8669,semgrep,sqli,True,False,False,MISMATCH,RELATED_AREA_DIFFERENT_DEFECT,SUFFICIENT,MEDIUM,LOCATION_ONLY,MISMATCH,RELATED_AREA_DIFFERENT_DEFECT,SUFFICIENT,HIGH,LOCATION_ONLY
ceb7c69afefec94dded65b375c74c73b70f1fd944f67bf4825278c6379f59e74,433edce6-47c4-5099-a1f1-3195bd77f082,wp-full-stripe-free,CVE-2026-42378,wisp,other,False,False,False,MISMATCH,UNRELATED,SUFFICIENT,MEDIUM,OTHER,UNCERTAIN,UNRELATED,SUFFICIENT,HIGH,OTHER
cf2fe6dc5679e2bb463d6b55a8d05852063bbf38f5b9beb361d78415d0648d54,03b86e77-6b0d-589d-809b-e958531a1b0b,embed-pdf-viewer,CVE-2026-32349,wisp,ssrf,True,True,True,MATCH,SAME_DEFECT,SUFFICIENT,HIGH,SAME_SOURCE_SINK,MATCH,SAME_DEFECT,SUFFICIENT,HIGH,SAME_SOURCE_SINK
d093ee07336abc657b9eb6fbe61beade9ee7eaeddec156ba98579ff36be8819b,fb0917fe-f800-51e9-9d57-4ab1dfed6806,backuply,CVE-2024-8669,wpt,sqli,True,False,False,MISMATCH,RELATED_AREA_DIFFERENT_DEFECT,SUFFICIENT,MEDIUM,LOCATION_ONLY,MISMATCH,RELATED_AREA_DIFFERENT_DEFECT,SUFFICIENT,HIGH,OTHER
d4e97d5b5e8d9a2c4f3a6eb7607240638e18be3b89b1896898c96d85e78110be,3fad8d4b-ec0a-5b11-a5a8-7bcbe07edeb2,favicon-rotator,CVE-2026-42649,wisp,other,True,True,True,MISMATCH,SAME_DEFECT,SUFFICIENT,MEDIUM,WRONG_CLASS,MISMATCH,SAME_DEFECT,SUFFICIENT,MEDIUM,SAME_SOURCE_SINK
d5b463af5f5d99dce1759ce8a6758e9c70b939d48ac353f6d6cc64396730cf4d,fb0917fe-f800-51e9-9d57-4ab1dfed6806,backuply,CVE-2024-8669,wisp,sqli,True,True,True,MATCH,SAME_DEFECT,SUFFICIENT,HIGH,SAME_SOURCE_SINK,MATCH,SAME_DEFECT,SUFFICIENT,HIGH,SAME_SOURCE_SINK
d6766c173aaff987c36806776ca2d70ae4410c816902d438ff05eec4c1f4af15,c6312b95-6153-5145-8947-dbfa32f64006,advanced-google-recaptcha,CVE-2025-2074,semgrep,sqli,True,True,False,MISMATCH,SAME_DEFECT,SUFFICIENT,MEDIUM,WRONG_CLASS,MISMATCH,RELATED_AREA_DIFFERENT_DEFECT,SUFFICIENT,HIGH,LOCATION_ONLY
d835074744e31c196692aa4fb4ffa53d78ff604d1dc72823eb7e772721980859,2f52a16c-4ae7-5fcd-996e-5142e042b6ee,automatorwp,CVE-2026-42775,wisp,other,False,False,False,MISMATCH,RELATED_AREA_DIFFERENT_DEFECT,SUFFICIENT,MEDIUM,LOCATION_ONLY,MISMATCH,UNRELATED,SUFFICIENT,MEDIUM,OTHER
da408784684bd5aa8b9061c89054e0a5bf2fee4a007132ba73980e8bbd9abb75,b995fc33-32fd-5462-a8c1-82de27eb54fc,b2bking-wholesale-for-woocommerce,CVE-2026-27346,progpilot,auth,False,False,False,UNCERTAIN,INSUFFICIENT_EVIDENCE,INSUFFICIENT,LOW,TOOL_REPORT_INCOMPLETE,UNCERTAIN,INSUFFICIENT_EVIDENCE,INSUFFICIENT,LOW,TOOL_REPORT_INCOMPLETE
db2c28678d2a5b0611fb1474d478d18e5ba8685ff87b7e2d877edb097cf343a0,b995fc33-32fd-5462-a8c1-82de27eb54fc,b2bking-wholesale-for-woocommerce,CVE-2026-27346,wpt,auth,True,False,False,MATCH,RELATED_AREA_DIFFERENT_DEFECT,PARTIAL,LOW,LOCATION_ONLY,MATCH,UNRELATED,PARTIAL,LOW,OTHER
db624614d0400c4446d2a92697395b77196a9d2eda7b55fa63a8b5f2e6f280d6,64cd86ea-16f0-5185-8dea-3886575e33c5,wp-google-map-plugin,CVE-2026-39492,wpt,other,False,False,False,MISMATCH,RELATED_AREA_DIFFERENT_DEFECT,SUFFICIENT,MEDIUM,LOCATION_ONLY,MISMATCH,SAME_DEFECT,PARTIAL,MEDIUM,SAME_SENSITIVE_OPERATION
dfe122239fdfe015eb65e971b6fc219294579eaa5cee43d249bdd32652311bb9,3d65894a-d87a-5dd2-8ffc-4615908672d5,checkout-upsell-and-order-bumps,CVE-2026-25419,wisp,auth,False,False,False,MISMATCH,UNRELATED,SUFFICIENT,MEDIUM,OTHER,MISMATCH,UNRELATED,SUFFICIENT,HIGH,OTHER
e0ccf439b313638790b66405ffd812bf4c3f9ac1de741e60406d6565d3275d4a,4bb4ba1f-975a-55c1-8a06-e92122d22e40,capability-manager-enhanced,CVE-2026-32394,wisp,auth,True,True,False,MATCH,SAME_DEFECT,SUFFICIENT,HIGH,SAME_MISSING_GUARD,MATCH,SAME_DEFECT,SUFFICIENT,HIGH,SAME_MISSING_GUARD
e0fe229d1e7aea4099f04c60ec96b4be249deddd96f3838d3f1fb255a59fde78,df6e8b4b-b8e6-5a35-b257-92b5681715b4,yml-for-yandex-market,CVE-2026-32567,wpt,lfi,True,False,False,MISMATCH,INSUFFICIENT_EVIDENCE,PARTIAL,LOW,TOOL_REPORT_INCOMPLETE,MISMATCH,INSUFFICIENT_EVIDENCE,PARTIAL,LOW,PATCH_TOO_BROAD
e292f9c2d12f5573c22d4a41c355c07a492ac98f4ca4be1b43d43e7341ccbaa9,f672f767-8de2-5081-a79e-996df7677cf6,litespeed-cache,CVE-2024-51915,wpt,xss,True,True,True,MISMATCH,UNRELATED,SUFFICIENT,HIGH,OTHER,MISMATCH,UNRELATED,SUFFICIENT,HIGH,OTHER
e576b34ab277849c7b8fb7a4cb7c3da14699ce3a6603d677bb2e47f6293ff1a3,b995fc33-32fd-5462-a8c1-82de27eb54fc,b2bking-wholesale-for-woocommerce,CVE-2026-27346,wpt,auth,True,False,False,MATCH,RELATED_AREA_DIFFERENT_DEFECT,PARTIAL,LOW,LOCATION_ONLY,MATCH,UNRELATED,PARTIAL,MEDIUM,OTHER
e61bb574c49280528561ef6bf3b711acb9d7a8783085e35fb615267a961a4d1c,19c7cc44-ba0f-578e-9584-79cffe45d6e9,mw-wp-form,CVE-2023-6316,wpt,upload,False,False,False,MISMATCH,RELATED_AREA_DIFFERENT_DEFECT,PARTIAL,MEDIUM,LOCATION_ONLY,MISMATCH,UNRELATED,SUFFICIENT,MEDIUM,OTHER
e66e4d6c5f0c74947769f4c7d08770c565227e6fd216d01a63e2ddab0c9f4069,e4e809e9-346f-52f8-8973-aedf0f2d0033,products-file-upload-for-woocommerce,CVE-2026-25328,wpt,lfi,True,False,False,MISMATCH,RELATED_AREA_DIFFERENT_DEFECT,SUFFICIENT,HIGH,LOCATION_ONLY,MISMATCH,UNRELATED,SUFFICIENT,HIGH,OTHER
e9cfab7a858e5914c39e37b302bbe5c59319a881d805309850f1c779834494d6,f0ea484e-3dde-5ad1-a3ab-bb3d9cab2de9,modal-dialog,CVE-2026-32367,semgrep,rce,True,False,False,MISMATCH,RELATED_AREA_DIFFERENT_DEFECT,SUFFICIENT,HIGH,LOCATION_ONLY,MISMATCH,RELATED_AREA_DIFFERENT_DEFECT,SUFFICIENT,HIGH,LOCATION_ONLY
ea4c85334f37ad70bffe28c53b42579a4cf25480e229284c2a3f103792c61e54,7d12824a-9fdb-5998-97c0-84cbf0b03736,woocommerce-pos,CVE-2026-52711,wisp,other,False,False,False,MISMATCH,UNRELATED,SUFFICIENT,HIGH,OTHER,MISMATCH,UNRELATED,SUFFICIENT,HIGH,WRONG_CLASS
eada65ec080530c86c8fcacf4f130eeb9eb20f87aaa2e2c862aca97157fd687f,d284fb63-a2cb-52d0-9f60-87bcefb65fb4,seriously-simple-podcasting,CVE-2026-39505,progpilot,auth,False,False,False,MISMATCH,UNRELATED,PARTIAL,HIGH,OTHER,MISMATCH,UNRELATED,SUFFICIENT,HIGH,OTHER
eb4f54d9e4a473a8fb7c97c5c312ca299e1a9a5a3b9c6dac8fe3b2afb63baf52,0dfa37a9-7af8-51d1-ae6e-77ee458ff9bf,advanced-coupons-for-woocommerce-free,CVE-2026-39508,wisp,xss,False,False,False,MISMATCH,UNRELATED,PARTIAL,MEDIUM,OTHER,MISMATCH,UNRELATED,SUFFICIENT,HIGH,OTHER
ec0ac8f3b4c0c56fb49b1c98c88968c78083b0d639a204fa0c214525257ceff3,61589af2-2a1f-5fb0-a96a-badb624868e4,instantio,CVE-2026-39571,wisp,other,False,False,False,MISMATCH,UNRELATED,SUFFICIENT,HIGH,OTHER,MISMATCH,UNRELATED,SUFFICIENT,HIGH,OTHER
ec7c682b94b9fd78d352fd1c9cfffe1938251c661084f4b0154965870f951578,72e17be1-5d62-57d9-b5ae-3c2210f3da67,amazonsimpleadmin,CVE-2026-42759,wisp,xss,True,False,False,MISMATCH,UNRELATED,SUFFICIENT,HIGH,OTHER,MISMATCH,UNRELATED,SUFFICIENT,HIGH,OTHER
eca486af5fa914d509465a48ebbec2de7c085a4753bf1405d9097740342fd624,e27dc6f2-69f7-52bf-bc84-e66905822030,userfeedback-lite,CVE-2026-39475,wisp,sqli,True,False,False,MISMATCH,RELATED_AREA_DIFFERENT_DEFECT,SUFFICIENT,MEDIUM,LOCATION_ONLY,MISMATCH,UNRELATED,SUFFICIENT,HIGH,OTHER
ed56c67669e7cb79b44beeb0dae2add48f9ac32587b6a1d68b05d1e828c56af4,877925a7-b36b-5a9b-83c0-49d0819fc4a6,user-registration,CVE-2026-25425,wisp,other,True,False,False,MISMATCH,RELATED_AREA_DIFFERENT_DEFECT,SUFFICIENT,MEDIUM,LOCATION_ONLY,MATCH,RELATED_AREA_DIFFERENT_DEFECT,SUFFICIENT,HIGH,LOCATION_ONLY
ed97844a098d081f87dd903fa3a24755feb661f5d2883d4f678b552649649105,e6a22a4c-a335-558a-8adb-2edc48decfe0,squirrly-seo,CVE-2026-52714,wisp,other,False,False,False,UNCERTAIN,INSUFFICIENT_EVIDENCE,PARTIAL,LOW,TOOL_REPORT_INCOMPLETE,UNCERTAIN,INSUFFICIENT_EVIDENCE,INSUFFICIENT,LOW,OTHER
ee8a3201475d3d6832011c57e4b387a750aa435df30aedb6127300bcf283571f,64cd86ea-16f0-5185-8dea-3886575e33c5,wp-google-map-plugin,CVE-2026-39492,wisp,other,True,False,False,MISMATCH,RELATED_AREA_DIFFERENT_DEFECT,SUFFICIENT,HIGH,LOCATION_ONLY,MISMATCH,RELATED_AREA_DIFFERENT_DEFECT,SUFFICIENT,HIGH,LOCATION_ONLY
f0983ed39e152e2aad708a3a3d3f8638589f4f156e36b92a0b98b9645aab382c,aee8f3c2-26e7-581f-8019-27bd44bb2eb1,new-user-approve,CVE-2025-69063,progpilot,auth,False,False,False,MISMATCH,UNRELATED,SUFFICIENT,HIGH,OTHER,MISMATCH,UNRELATED,SUFFICIENT,HIGH,OTHER
f0a772afdae17134ba4fdcde72a11df89f8ea86780a4c024359f581bcf2c1883,2cb0261d-7d89-56e0-b160-1806afd75bca,brizy,CVE-2026-32408,wisp,auth,False,False,False,MISMATCH,UNRELATED,SUFFICIENT,MEDIUM,OTHER,MISMATCH,UNRELATED,SUFFICIENT,HIGH,OTHER
f0bb61c306b0e1191df02f9e68c8bb188d36915696122bc0892b373ab93db36e,be4672f1-b5a7-5ce7-9109-d3377ba320ce,rsvp,CVE-2026-39536,wisp,other,True,False,False,MISMATCH,UNRELATED,SUFFICIENT,MEDIUM,OTHER,MISMATCH,UNRELATED,SUFFICIENT,HIGH,OTHER
f131e42202488e909e5da7c22d1821ec688ff2acf7dd59c9990df9729188981e,7c349a3e-baf0-5c51-9563-6eb592c9eea5,export-wp-page-to-static-html,CVE-2026-24574,wisp,csrf,True,False,False,MISMATCH,SAME_DEFECT,PARTIAL,MEDIUM,SAME_MISSING_GUARD,MISMATCH,INSUFFICIENT_EVIDENCE,INSUFFICIENT,LOW,PATCH_TOO_BROAD
f4b5a382120b15ad408f8ee47cedd5af93d5df5b0f2fdc681fb60f9c5e5006c6,af7b8c2b-06a7-559f-a6b6-fd616382a312,bdthemes-element-pack-lite,CVE-2026-40745,semgrep,sqli,False,False,False,MISMATCH,UNRELATED,SUFFICIENT,HIGH,OTHER,MISMATCH,UNRELATED,SUFFICIENT,HIGH,OTHER
f52cb2180cd10dcfdad9186631dee39bd730a501dededf6dab39c96880e11378,c63c1edb-d197-577d-9c65-4fec603936e9,themesflat-addons-for-elementor,CVE-2026-39500,wisp,xss,False,False,False,MATCH,RELATED_AREA_DIFFERENT_DEFECT,SUFFICIENT,MEDIUM,LOCATION_ONLY,MATCH,UNRELATED,SUFFICIENT,HIGH,OTHER
f669a253cba39dcce2b5458d086b143083b2a2d15fa1261a3996df6e520fb189,8205faca-4c0e-5aa7-9dc5-5c9f451db430,generateblocks,CVE-2021-24751,wisp,xss,True,False,False,MATCH,SAME_DEFECT,SUFFICIENT,HIGH,SAME_SOURCE_SINK,MATCH,SAME_DEFECT,SUFFICIENT,HIGH,SAME_SOURCE_SINK
f721723b4d5824da03d0f60008990b058c637a01f5910285198b98b11717761e,be4672f1-b5a7-5ce7-9109-d3377ba320ce,rsvp,CVE-2026-39536,wisp,other,True,False,False,MISMATCH,UNRELATED,SUFFICIENT,MEDIUM,OTHER,MISMATCH,UNRELATED,SUFFICIENT,HIGH,OTHER
f87ee0cf7be55a667d54ddd24050d8e6cedaeda0046b6f1009f671aad4244cdd,f672f767-8de2-5081-a79e-996df7677cf6,litespeed-cache,CVE-2024-51915,semgrep,xss,True,False,False,MATCH,RELATED_AREA_DIFFERENT_DEFECT,PARTIAL,MEDIUM,DIFFERENT_CALL_PATH,MATCH,UNRELATED,SUFFICIENT,HIGH,OTHER
f8c30a0824ca0c3970250afa1683471c788f5f23736e1b364fd982b10acaf880,06e48f4c-a389-52a4-be5d-46586b1421aa,filr-protection,CVE-2026-28133,semgrep,upload,False,False,False,MISMATCH,UNRELATED,PARTIAL,MEDIUM,PATCH_TOO_BROAD,MISMATCH,UNRELATED,SUFFICIENT,HIGH,OTHER
fb65854dbf16d6a1274bcaa08fce3c1f52064a01e634c9fbeddb5dcfd44fb4af,ce14c69e-6134-5e51-84b5-1bf00035c656,simply-schedule-appointments,CVE-2026-39694,wisp,auth,False,False,False,MISMATCH,UNRELATED,SUFFICIENT,MEDIUM,OTHER,MISMATCH,UNRELATED,SUFFICIENT,MEDIUM,OTHER
fbe1b1c2f70c4b0b729da17bdd6516d66b5cb30ed0089de1ebc360e71c12b96b,f58a7493-b198-55e5-8423-cf1395a2d006,woocommerce-delivery-notes,CVE-2026-24946,progpilot,auth,True,False,False,MISMATCH,RELATED_AREA_DIFFERENT_DEFECT,SUFFICIENT,MEDIUM,LOCATION_ONLY,MISMATCH,RELATED_AREA_DIFFERENT_DEFECT,SUFFICIENT,MEDIUM,LOCATION_ONLY
fda8bb5449057f393929a10148929b5d7c4dab7add2af302e35938deaf5871aa,ac8264cd-2957-57b3-aa4e-aa0453d02541,wpforms-lite,CVE-2026-40764,semgrep,csrf,False,False,False,MISMATCH,UNRELATED,SUFFICIENT,HIGH,OTHER,MISMATCH,UNRELATED,SUFFICIENT,HIGH,OTHER
ff47a69c2cc3af73621afb0a1d9a8e9be77f64ba92585c0e73b167d8ba770dbc,db0ae7f6-e22c-5666-b2cb-6c23053a4659,wp-time-slots-booking-form,CVE-2026-32432,wisp,auth,False,False,False,MISMATCH,UNRELATED,SUFFICIENT,MEDIUM,OTHER,MISMATCH,UNRELATED,SUFFICIENT,HIGH,OTHER
